<keymap version="1" name="Default コピー" parent="Mac OS X 10.5+">
  <action id="ActivateRunToolWindow">
    <keyboard-shortcut first-keystroke="ctrl meta k" />
  </action>
  <action id="ActivateTerminalToolWindow">
    <keyboard-shortcut first-keystroke="ctrl alt k" />
  </action>
  <action id="BaseOnThisFunction" />
  <action id="EditorBackSpace">
    <keyboard-shortcut first-keystroke="back_space" />
    <keyboard-shortcut first-keystroke="shift back_space" />
    <keyboard-shortcut first-keystroke="ctrl h" />
  </action>
  <action id="RerunTests">
    <keyboard-shortcut first-keystroke="shift alt r" />
  </action>
  <action id="Run">
    <keyboard-shortcut first-keystroke="ctrl r" />
    <keyboard-shortcut first-keystroke="ctrl meta r" />
  </action>
  <action id="SingleFileExecutionAction">
    <keyboard-shortcut first-keystroke="shift meta alt e" />
    <keyboard-shortcut first-keystroke="ctrl alt e" />
  </action>
  <action id="ToggleFindInSelection" />
  <action id="TypeHierarchy" />
  <action id="TypeHierarchyBase.BaseOnThisType" />
</keymap>